Requêtes les plus fréquentes,Clics,Impressions,CTR,Position
tokyo share house loyer,1,9,11.11%,11.44
cheap gaijin house in tokyo,0,96,0%,23.12
how to find an apartment in tokyo,0,93,0%,30.11
how to find apartments in tokyo,0,86,0%,33.63
tokyo gaijin house,0,63,0%,11.08
rent apartment tokyo foreigner,0,61,0%,33.7
how to find apartment in tokyo,0,61,0%,35.67
apartment in tokyo for foreigner,0,57,0%,36.61
foreigner apartments tokyo,0,53,0%,36.28
apartment for foreigners in tokyo,0,50,0%,31.26
no guarantor apartments tokyo,0,49,0%,23.61
foreigner friendly apartment tokyo,0,47,0%,34.98
gaijin houses,0,46,0%,28.02
foreigner apartment tokyo,0,46,0%,33.48
tokyo apartments foreigners,0,43,0%,36.4
apartments for foreigners in tokyo,0,42,0%,38.67
tokyo apartment for foreigners,0,41,0%,34.93
tokyo apartments rent foreigners,0,40,0%,40.85
expat apartments tokyo,0,39,0%,34.97
japan gaijin house,0,39,0%,43.21
foreigner friendly apartments tokyo,0,36,0%,39.81
apartments tokyo foreigners,0,35,0%,35.54
foreigner friendly apartments in tokyo,0,30,0%,38.8
foreign friendly apartments tokyo,0,28,0%,40.57
tokyo foreigner apartment,0,27,0%,38.41
apartment tokyo for foreigners,0,26,0%,37.12
tokyo apartments for foreigners,0,26,0%,39.73
apartment in tokyo for foreigners,0,23,0%,37.04
finding an apartment in tokyo,0,22,0%,29.55
appartements à tokyo pour les étrangers,0,18,0%,29.28
foreigner apartments japan,0,18,0%,37.06
tokyo expat apartment,0,17,0%,13.53
sharehouse tokyo pour les étudiants internationaux,0,17,0%,18.71
logement étudiant tokyo,0,16,0%,13.44
tokyo expat apartments,0,16,0%,29.06
tokyo colocation,0,15,0%,37.4
gaijin house in osaka,0,15,0%,43.6
gaijin house,0,14,0%,31.14
tokyo sharehouse,0,13,0%,15.85
gaijin house in tokyo,0,12,0%,13.83
sharehouse tokyo,0,12,0%,14.17
agence de garant japonaise,0,12,0%,22.83
tokyo partage les femmes de la maison uniquement,0,12,0%,32.17
gaijin house tokyo,0,11,0%,18.73
hébergement étudiant tokyo,0,11,0%,23.09
gaijin house japan,0,11,0%,38.91
partager la maison tokyo,0,10,0%,20.6
étudier à l'étranger partager la maison à tokyo,0,10,0%,39.5
"""asian tigers"" -""asian tiger economies"" -""east asian tigers"" -""four asian 
tigers"" -""agriculture"" -""economies"" -""economy"" -""mining"" -site:reddit.com 
-site:twitter.com -site:x.com -site:wykop.pl -site:tripadvisor.com 
-site:youtube.com -site:yelp.com -site:booking.com -site:facebook.com 
-site:instagram.com -site:tiktok.com",0,9,0%,2.56
share house japon,0,9,0%,17.33
tokyo partager la maison pas cher,0,9,0%,20.89
tokyo partager la maison,0,9,0%,22
furnished apartment tokyo,0,9,0%,24.11
partager la maison pour les étudiants internationaux au japon,0,9,0%,27.89
partager la maison shinjuku pas cher,0,9,0%,28.11
tokyo partager la maison privée,0,8,0%,12.88
japon share house loyer,0,8,0%,15.88
sharehouse à tokyo,0,8,0%,16.12
furnished apartments tokyo,0,8,0%,19.5
location pour les étudiants internationaux à tokyo,0,8,0%,21.38
location pour les étudiants internationaux tokyo,0,8,0%,23.5
furnished apartment in tokyo,0,8,0%,26
location pour les étudiants internationaux japon,0,8,0%,29.88
partager la maison tokyo pas cher,0,8,0%,31.38
furnished apartments in tokyo japan,0,8,0%,32.5
tokyo expat housing,0,8,0%,39.12
dortoir pour les étudiants internationaux tokyo,0,7,0%,13.86
appartement étudiant tokyo,0,7,0%,15.86
fully furnished apartments tokyo,0,7,0%,16.43
furnished tokyo apartments,0,7,0%,23.71
tokyo apartment hunting,0,7,0%,25.29
partager des étrangers de tokyo à la maison,0,7,0%,25.71
location pour les étudiants tokyo,0,7,0%,25.86
tokyo rent foreigner,0,7,0%,31
tokyo rentals for foreigners,0,7,0%,42.57
tokyo expat rentals,0,7,0%,45.57
jiko bukken,0,6,0%,10.17
long term furnished apartment tokyo,0,6,0%,22.17
long term furnished apartment in tokyo,0,6,0%,23.33
louer un appartement à tokyo longue durée,0,6,0%,23.67
tokyo apartment furnished,0,6,0%,24.17
jiko bukken tokyo,0,6,0%,25.33
long stay furnished apartment in tokyo,0,6,0%,29.5
gaijin house in kobe,0,6,0%,31.17
apartment for foreigner in tokyo,0,6,0%,31.5
tokyo furnished apartments,0,6,0%,32.5
apartments for foreigners tokyo,0,6,0%,37.83
expat tokyo housing,0,6,0%,43.5
apartments in tokyo for foreigners,0,6,0%,44
furnished rentals for expats,0,5,0%,14
tokyo apartments furnished,0,5,0%,20.2
tokyo furnished apartment,0,5,0%,22.4
partager la maison shibuya,0,5,0%,26.6
furnished apartments tokyo long term,0,5,0%,27
shinjuku partager la maison,0,5,0%,28.6
furnished apartments in tokyo,0,5,0%,33
location appartement tokyo longue durée,0,5,0%,36.2
long term furnished apartments tokyo,0,5,0%,36.2
expat housing tokyo,0,5,0%,47.2
apartment hunting in tokyo,0,4,0%,27
apartments for rent in tokyo furnished,0,4,0%,27.25
partager la maison japon,0,4,0%,31
long stay furnished apartment tokyo,0,4,0%,32.5
apartments in tokyo japan for foreigners,0,4,0%,37
zairyu card,0,4,0%,38
tokyo housing for foreigners,0,4,0%,40.25
tokyo serviced apartments monthly,0,4,0%,41.75
how to get an apartment in japan,0,4,0%,42.75
déménagement japon,0,3,0%,19.33
déménagement japon​,0,3,0%,21.67
assurance maladie voyage japon,0,3,0%,23.33
ouvrir un compte bancaire au japon,0,3,0%,25
location appartement tokyo au mois,0,3,0%,26.33
loger chez l habitant tokyo,0,3,0%,49.33
japan residence card,0,3,0%,56.67
"""international movers"" -site:reddit.com -site:twitter.com -site:x.com 
-site:wykop.pl -site:tripadvisor.com -site:youtube.com -site:yelp.com 
-site:booking.com -site:facebook.com -site:instagram.com -site:tiktok.com",0,2,0%,4.5
"""asian tigers"" -site:reddit.com -site:twitter.com -site:x.com 
-site:wykop.pl -site:tripadvisor.com -site:youtube.com -site:yelp.com 
-site:booking.com -site:facebook.com -site:instagram.com -site:tiktok.com",0,2,0%,5
dormspot,0,2,0%,8
gaijin houses tokyo,0,2,0%,9.5
loyer de dortoir de tokyo,0,2,0%,10.5
demenagement tokyo​,0,2,0%,11
shared house tokyo,0,2,0%,14
tokyo furnished,0,2,0%,15
appartements meublés tokyo,0,2,0%,16.5
rent furnished apartment in tokyo,0,2,0%,21
furnished apartment tokyo rent,0,2,0%,22
assurance maladie japon voyage,0,2,0%,25
housing for expats in tokyo,0,2,0%,30
apartments for rent in tokyo japan furnished,0,2,0%,33
tokyo serviced apartment monthly,0,2,0%,36
best japanese language school in tokyo,0,2,0%,36.5
transferring money to japan,0,2,0%,41.5
expat housing in tokyo,0,2,0%,48
living in osaka vs tokyo,0,2,0%,55
déménager au japon​,0,2,0%,60.5
déménagement asie​,0,2,0%,85
"""asian tigers group"" -site:reddit.com -site:twitter.com -site:x.com 
-site:wykop.pl -site:tripadvisor.com -site:youtube.com -site:yelp.com 
-site:booking.com -site:facebook.com -site:instagram.com -site:tiktok.com",0,1,0%,1
kenko hoken,0,1,0%,4
"""tax status"" -""accounting"" -""angel"" -""arabic"" -""bakery"" -""cat"" -""copyright 
disclaimer"" -""copyright disclaimer"" -""crypto"" -""dance"" -""dancing"" -""dog"" 
-""egypt"" -""fair use"" -""fair use"" -""hindu"" -""india"" -""kenyan"" -""kitty"" 
-""korean"" -""makeup"" -""meme"" -""moose"" -""mukbang"" -""nigeria"" -""openai"" 
-""outfit"" -""party"" -""pest"" -""pickleball"" -""receptionist"" -""saudi"" 
-site:reddit.com -site:twitter.com -site:x.com -site:wykop.pl 
-site:tripadvisor.com -site:youtube.com -site:yelp.com -site:booking.com 
-site:facebook.com -site:instagram.com -site:tiktok.com",0,1,0%,6
assurance maladie japon,0,1,0%,6
compte bancaire japonais,0,1,0%,9
jikobukken,0,1,0%,9
déménager au japon,0,1,0%,11
tokyo expat,0,1,0%,14
share house tokyo,0,1,0%,15
new zealand working holiday visa 2026,0,1,0%,16
tokyo frais de subsistance mensuels,0,1,0%,17
résidence étudiante tokyo,0,1,0%,19
sharehouse japon,0,1,0%,19
loyer de dortoir japonais,0,1,0%,22
tokyo furnished housing,0,1,0%,23
corporate housing tokyo,0,1,0%,24
removal companies to japan,0,1,0%,24
rent furnished apartment tokyo,0,1,0%,24
tokyo furnished apartments for rent,0,1,0%,24
tokyo pour les étudiants internationaux tokyo,0,1,0%,24
share house shibuya,0,1,0%,25
tokyo student house,0,1,0%,25
furnished apartments in japan,0,1,0%,26
share house japan,0,1,0%,26
apprendre le japonais a tokyo,0,1,0%,30
wire money to japan,0,1,0%,30
tokyo furnished apartment rental,0,1,0%,31
expat income tax,0,1,0%,34
foreigner rent apartment in japan,0,1,0%,37
tax rate in japan for foreigners,0,1,0%,38
best language school in tokyo,0,1,0%,39
expat housing tokyo japan,0,1,0%,40
gaijin house in kyoto,0,1,0%,41
étudier à l'étranger partager la maison au japon,0,1,0%,41
foreigner friendly apartments japan,0,1,0%,42
tax for expat,0,1,0%,42
louer un appartement a tokyo,0,1,0%,43
foreigner friendly apartments in japan,0,1,0%,44
japanese lessons in tokyo,0,1,0%,48
assurance santé expatrié japon,0,1,0%,50
resident card japan,0,1,0%,50
japanese classes in tokyo,0,1,0%,52
japanese language schools in tokyo,0,1,0%,52
japanese residence card,0,1,0%,52
suburbs in tokyo,0,1,0%,64
taking a cat to japan,0,1,0%,69
tokyo suburbs,0,1,0%,71
where do most expats live in japan,0,1,0%,76
where do most people live in japan,0,1,0%,76
importing cats to japan,0,1,0%,83
tokyo neighborhoods,0,1,0%,85